index,close,returns,mfi,normal_close,normal_returns,normal_mfi
14,32.374443,0.0008580507300445183,55.88745602230006,-0.9049650457948064,-0.046259705294904814,-0.0011612974851746838
15,32.837193,0.014192490662082356,56.108003958072935,-0.8660171564295371,0.09401524693849442,0.00445053519917149
16,32.578053000000004,-0.00792296510173277,56.70310013232852,-0.8878279744740873,-0.13863378194463466,0.01959273160791941
17,32.800179,0.006795131893434766,62.31550625580816,-0.8691324825818136,0.016196894370702958,0.16240016261467405
18,32.864959999999996,0.0019730719222601145,61.53773690028516,-0.8636801147353061,-0.03452996296793426,0.14260985501142542
19,32.679863,-0.005647966797987887,54.73232923091319,-0.8792590179829416,-0.11470137233347917,-0.03055344871865673
20,32.115299,-0.01742655685899573,54.4463037579495,-0.926776200503987,-0.23860917548124605,-0.03783135450411912
21,31.245308,-0.027463300047884765,43.72064442821475,-1.0,-0.34419318790141684,-0.3107452921333169
22,31.61552,0.011778918354300024,35.459173561991136,-0.968840678513895,0.06862507367950546,-0.5209580609147533
23,31.828388,0.006710456701079477,42.12852959057731,-0.9509243969073986,0.015306132657160423,-0.35125658529856896
24,32.133804,0.009549964178972695,40.84810605088413,-0.9252187057601637,0.045177036711469595,-0.3838369068720888
25,32.855698,0.02221662484393369,48.926825420955936,-0.8644596616857139,0.17842711911388354,-0.17827424200399844
26,33.04081,0.00561827910281269,49.84662304329523,-0.8488794959457162,0.003816699189530065,-0.15487003129606824
27,33.096336,0.0016791173010700525,56.334599330494044,-0.8442060858865137,-0.03762229160388629,0.010216244647406114
28,33.290695,0.005855347117451199,57.69701619474322,-0.827847635688471,0.006310595041097454,0.04488288281703956
29,34.058868,0.02281251070611698,59.92573409246353,-0.7631934660128641,0.18469568841865702,0.10159251330523444
30,33.827484000000005,-0.006816831047811577,67.50294194775154,-0.7826681681909151,-0.12699753007591302,0.2943942393761556
31,34.049614,0.006545088093477397,69.41173181340599,-0.7639723396340119,0.01356649652317092,0.34296331492923393
32,33.60537,-0.013132820633428301,60.09789634165567,-0.8013626500893003,-0.19344015098422393,0.10597317428780628
33,34.14217,0.015847401523017574,65.88371676070216,-0.7561822567640131,0.11142449270744995,0.2531931245429708
34,34.438332,0.008636969180247388,73.20675825108536,-0.7312554392379256,0.03557255909649169,0.43952759845469225
35,34.225452000000004,-0.006200668523372585,76.3314218985928,-0.7491727308383114,-0.12051565538719625,0.5190345297856125
36,34.179188,-0.0013526569850825535,78.65675818671964,-0.7530665939471062,-0.06951579409368386,0.5782026110377751
37,34.216206,0.0010824706591976126,75.94202148444629,-0.7499509311302002,-0.043898864119525795,0.5091262530939835
38,34.308758000000005,0.0027012653747049546,75.49449185680845,-0.7421611849248309,-0.026869551111193952,0.49773888107986686
39,33.901531,-0.011940481247849242,70.1198755865446,-0.7764359167293704,-0.18089704072158372,0.3609820026008692
40,33.92931,0.0008190669949975205,65.70661453192645,-0.7740978650412496,-0.04666980437664116,0.24868676599360962
41,33.568352000000004,-0.010695524267287673,59.387663395219576,-0.8044783129062067,-0.16780040660189166,0.08790132769199843
42,33.873764,0.009057073113105309,59.17786481168569,-0.7787729584236014,0.03999194674344643,0.08256301181033243
43,33.697922,-0.005204617713238605,49.43797514824436,-0.7935729038839314,-0.11003745153868788,-0.1652680593066198
44,33.642395,-0.0016491461596371828,39.62745112202371,-0.7982463981092915,-0.0726347855931652,-0.4148964187286923
45,33.762699,0.0035695856382064817,30.38251822930863,-0.7881208727020539,-0.017735040467569588,-0.650133336227447
46,33.88303,0.003557685864258577,42.83023533894358,-0.7779930748085642,-0.0178602230947094,-0.3334017128887421
47,33.818241,-0.0019139676056689609,42.012770611580706,-0.7834461159843316,-0.07542064055833961,-0.35420206751114636
48,34.197701,0.011158088113577746,43.07689460491726,-0.7515084258740234,0.062094095790203266,-0.32712547853707097
49,33.975574,-0.0065165649167598216,41.860821358632315,-0.7702040019324548,-0.12383880594462095,-0.3580684096787552
50,34.049614,0.002176841591011719,48.141190646352484,-0.7639723396340119,-0.03238635733496947,-0.19826468485547388
51,34.058868,0.0002717429543340357,45.18364064778221,-0.7631934660128641,-0.052427515540482146,-0.27351941661889656
52,34.021846999999994,-0.0010875621282477451,46.666688434631745,-0.7663093813282433,-0.06672706291567032,-0.23578332984245942
53,33.846001,-0.005182023555678339,46.51952024782187,-0.7811096634532029,-0.10979976668738001,-0.23952801798901313
54,34.188441999999995,0.010066780201644981,53.26368891076544,-0.7522877203259593,0.050613811203934614,-0.06792293812816608
55,34.031113,-0.004612439319658816,51.10210541334616,-0.7655294977132057,-0.10380788387057202,-0.12292433670508496
56,34.817787,0.022853182478927644,53.88581903184698,-0.699318169958405,0.1851235452328421,-0.05209286411198066
57,34.984386,0.004773470772720358,62.04355518105945,-0.685296172291491,-0.0050704718318304864,0.15548037928290226
58,34.762264,-0.00636941705292543,57.86376996738236,-0.7039913275191352,-0.12229084744948965,0.04912592534770299
59,35.15097,0.011119783280789297,66.01582859691388,-0.6712754371169387,0.06169113858936891,0.2565547044999259
60,34.632690000000004,-0.014854180181852935,59.499476952664445,-0.71489707320604,-0.21154842022256076,0.09074641882387957
61,34.077381,-0.016164183294566217,53.22366659427127,-0.7616352979397805,-0.2253293232824598,-0.06894130423990563
62,33.799721000000005,-0.008181302399526144,46.2604136839053,-0.7850048732205166,-0.14135142530219358,-0.2461209732983436
63,33.947807,0.004371708908687176,53.26458686677866,-0.7725410436266862,-0.009296905530860489,-0.06790008967625738
64,34.041019,0.002741981701549392,53.986545295083125,-0.764695747757393,-0.026441225599786435,-0.04952988870157915
65,33.807995,-0.006868925647571502,53.84194065758876,-0.7843084824336812,-0.12754555215484445,-0.0532093474467048
66,33.882553,0.0022029081564321584,54.20288349373307,-0.7780332220656732,-0.03211214362686646,-0.04402517259620353
67,33.910526000000004,0.0008252465295917353,58.47108624857699,-0.7756788421430048,-0.046604797227901035,0.06457906184884576
68,33.052975,-0.025613890290554376,49.54111367825732,-0.8478556146401979,-0.3247378626915296,-0.16264370387244265
69,32.94112,-0.0033898519893747468,47.875302552075794,-0.8572700201830448,-0.09094657284207441,-0.20503019591143334
70,33.3699,0.012932570669371344,46.84850060440614,-0.8211812551867395,0.08076120569670134,-0.23115712704814917
71,33.49107,0.003624540076333456,45.81892654525877,-0.8109828418871401,-0.017156933608746573,-0.2573545944414879
72,33.602924,0.0033342508608304147,52.2978496421046,-0.8015685205104508,-0.020210703099336418,-0.09249867653488408
73,33.938484,0.0099365047566303,49.126313006845656,-0.7733257247126986,0.04924334630853901,-0.17319828901131173
74,34.003731,0.0019206621408414642,49.88988370724401,-0.7678341354368139,-0.03508130067859433,-0.15376926557344417
75,34.041019,0.0010959847374697634,56.486662746147196,-0.764695747757393,-0.043756699417163626,0.01408549168009876
76,33.621563,-0.012398621543023383,56.29234009243749,-0.7999997475015275,-0.18571656132757042,0.009140960163285916
77,33.724102,0.003045157523854481,55.14361756322393,-0.7913694338815915,-0.023251892248785426,-0.020088234896258994
78,34.050346000000005,0.009627419462956538,54.817203026899065,-0.7639107300067498,0.04599184680596431,-0.02839383865162559
79,34.031704,-0.0005476333472891562,60.04648092000072,-0.7654797555141459,-0.06104714802277472,0.10466491110814169
80,33.742740999999995,-0.008527248020051987,53.70235079978678,-0.7898006608726686,-0.14499068616668795,-0.056761205339508125
81,33.49107,-0.007486476572218332,46.12663715102792,-0.8109828418871401,-0.1340420324643318,-0.24952491138993782
82,33.472431,-0.0005566913379084495,56.154118087236846,-0.812551614896063,-0.06114243580448343,0.005623907220747126
83,33.463104,-0.00027868605398807914,66.13934944332789,-0.8133366326467057,-0.05821789018267097,0.25969768709314356
84,33.155502,-0.009234783029023108,58.08288273106232,-0.8392263110141518,-0.15243377639715358,0.05470124014023359
85,33.3699,0.006445620344586102,57.76418558361998,-0.8211812551867395,0.012520120837682516,0.04659200501111127
86,33.20211,-0.005040867935339945,58.07529740716504,-0.8353034947471905,-0.10831484508577074,0.0545082319018253
87,33.388535,0.0055991494613825896,58.32970061887198,-0.8196128188424461,0.0036154601760037333,0.060981510617658996
88,33.472431,0.002509567212382548,65.04021798335748,-0.812551614896063,-0.028886167534535285,0.23173033464507076
89,32.773331,-0.021107039400018835,53.35595487302022,-0.8713921755773377,-0.2773269255531814,-0.0655752347102243
90,32.791977,0.000568776417634822,53.68334845786544,-0.8698228134053121,-0.04930279826037128,-0.05724471910761286
91,32.717407,-0.002276621383222172,46.64163739168516,-0.8760990837672096,-0.07923566702985366,-0.23642075254647144
92,32.754696,0.0011390806869878932,46.69914936775382,-0.8729606119216311,-0.04330334087410371,-0.23495736280350044
93,32.87587,0.003692612911120133,48.96073390798347,-0.8627618619574018,-0.016440824518543944,-0.17741144201853976
94,33.025013,0.0045262900233991495,54.70223943428338,-0.850209068735134,-0.007670751107208308,-0.031319082292150746
95,32.661484,-0.01106871969498288,56.4929286637584,-0.8808059077909243,-0.17172632857990366,0.014244927682638187
96,32.969082,0.009373688847407212,55.901590332551365,-0.8549165660881086,0.043322664586258344,-0.0008016505723118517
97,32.87587,-0.0028312591758235485,50.505020339306,-0.8627618619574018,-0.08507031702344406,-0.13811714058280722
98,32.773331,-0.0031238486325206507,57.07084088543211,-0.8713921755773377,-0.08814828447249835,0.028949879161356495
99,32.987732,0.006520629378171563,51.40093181526025,-0.853346867251453,0.01330919699362916,-0.11532071183627646
100,33.183471999999995,0.005916185866240894,51.031248059060545,-0.8368721835899562,0.00695060336719968,-0.12472729901943547
101,33.155502,-0.0008432449274045703,50.085435237991106,-0.8392263110141518,-0.06415690744961795,-0.14879346533357896
102,33.32328,0.005047576118974395,48.6892326949892,-0.8251050814475906,-0.002186952572778393,-0.18431977863743176
103,33.621563,0.008911365254693748,61.15571903057741,-0.7999997475015275,0.038459136742960046,0.13288942684365512
104,33.705459999999995,0.0024922249547546455,71.0590044686452,-0.7929384593889877,-0.029068603720289774,0.3848780963771128
105,33.817307,0.0033128708216131494,73.05924129083864,-0.7835247271754007,-0.020435615731230643,0.43577403578312657
106,33.761390999999996,-0.0016548413750291555,73.38211493637915,-0.7882309620360135,-0.07269469782578536,0.44398954172567207
107,33.584286,-0.0052595924835897095,65.32274820587426,-0.803137209353217,-0.11061577228739178,0.23891930393412375
108,33.584286,0.0,65.1616464445487,-0.803137209353217,-0.05528618303107424,0.23482007658681558
109,33.3699,-0.0064039829468309556,65.72827515289504,-0.8211812551867395,-0.12265447195424688,0.24923791955706864
110,33.313972,-0.0016774074880864167,58.267972667372504,-0.8258885000412413,-0.07293208765597953,0.05941084556224352
111,33.211433,-0.0030827044556256873,65.25627129775577,-0.8345188136611772,-0.08771545808623546,0.23722780188298787
112,32.857231,-0.010722341638474976,58.86003775033085,-0.8643306349663251,-0.16808251859770829,0.07447591598406489
113,33.071616999999996,0.006503579605954561,64.32863530975365,-0.8462865891328026,0.013129837680788126,0.2136241442998721
114,33.34193,0.008140341990559298,63.53139360666201,-0.8235353826109355,0.030348166046137492,0.19333836365515622
115,33.472431,0.003906380724098152,63.47675919000968,-0.812551614896063,-0.014192040924530094,0.19194819328704438
116,33.724102,0.007490629814511493,64.37797099489794,-0.7913694338815915,0.023513357465869245,0.21487948867399687
117,33.854595,0.0038619614754965927,64.25351524069129,-0.7803863394959789,-0.014659320240915673,0.21171271739244157
118,34.255409,0.011769743162776939,63.51321363745829,-0.7466513652592401,0.06852855297378457,0.19287577512527365
119,34.367264,0.003260004140694209,71.04841026498912,-0.7372369597163937,-0.020991759909646794,0.38460852732341255
120,34.423190999999996,0.0016260108272917178,71.60486097706627,-0.7325297990280495,-0.03818095834283509,0.39876739161891894
121,34.889247999999995,0.013448207298329415,80.46295782375324,-0.6933035721800556,0.08618557326410847,0.6241612826618774
122,33.69614,-0.03479541077393656,65.94553173884624,-0.7937228879765277,-0.421325147481944,0.25476600398759364
123,33.845279999999995,0.004416260196901544,72.25782024344178,-0.7811703472527327,-0.008828237190978312,0.41538191190337237
124,34.46048,0.018013609260383975,79.65254271704795,-0.729391327182471,0.1342124529394065,0.6035403053321229
125,34.726223,0.007681947406605252,79.85150131052747,-0.7070247600002024,0.02552597038618254,0.6086027981358177
126,34.604153000000004,-0.0035214038401253324,79.55083444533554,-0.7172989228415165,-0.09233046520458127,0.6009523427585268
127,34.575977,-0.000814569199507246,74.85072066667655,-0.7196703884941495,-0.06385524600890077,0.48135815099793566
128,34.313041999999996,-0.007633619425305337,70.41999612154757,-0.741800617106267,-0.13558993824766163,0.36861855663013743
129,34.153412,-0.004663021959526034,65.71217874218146,-0.7552360608218316,-0.10434000051194406,0.24882834708282853
130,33.815342,-0.009947888347625134,59.21588022607434,-0.7836901136748122,-0.15993546488306773,0.08353031238482012
131,33.514843,-0.008926189501248476,53.65435946337861,-0.8089819598258097,-0.149187450148076,-0.057982342818201804
132,33.364596999999996,-0.004493047572085434,47.47716593568435,-0.8216275883197577,-0.10255191273318065,-0.21516076489123726
133,33.4585,0.002810497149236212,47.382945092367116,-0.8137241336356582,-0.0257204603332658,-0.21755821017324073
134,33.636928999999995,0.005318675900293817,46.54231529766901,-0.7987064503259758,0.0006649488995660244,-0.23894799893181728
135,32.904461,-0.022016299522119472,36.730360858900085,-0.8603554673494229,-0.28689211320601665,-0.4886127551392978
136,33.073494000000004,0.005123934799914461,41.505317843550046,-0.8461286092552469,-0.0013836784663243257,-0.36711418124014994
137,33.242527,0.0050978138771273955,40.166410971279085,-0.8319017511610718,-0.0016584640002442336,-0.4011826086809922
138,33.58997,0.010397520539173958,35.46497724797554,-0.8026588089142059,0.054093116317984885,-0.5208103863759606
139,33.674484,0.0025128887383145484,34.098979625789795,-0.7955455902825124,-0.028851225917652382,-0.5555681367763783
140,33.91864,0.007224316541116372,41.0756696074431,-0.774995917941363,0.020711808852277663,-0.3780465620203517
141,34.050102,0.003868312405468156,46.7293269686139,-0.7639312665491707,-0.014592510055940582,-0.23418949505516595
142,34.050102,0.0,52.14131658281077,-0.7639312665491707,-0.05528618303107424,-0.09648165345664705
143,33.974987,-0.0022084507829040903,53.12922613507847,-0.770253407466885,-0.07851852947086511,-0.07134433763836201
144,33.909248,-0.0019367978603555204,54.68362730410502,-0.7757864064922408,-0.07566080909199799,-0.031792667139336706
145,33.91864,0.00027693623779141875,55.52118360536642,-0.774995917941363,-0.05237288350549366,-0.010481083288290893
146,34.106457,0.005522005422535907,63.298796441610236,-0.7591880827454327,0.0028039243020215043,0.18741993885308506
147,34.125233,0.0005503601178260569,61.75308425880066,-0.757607778972937,-0.04949653309956641,0.14808935923244615
148,33.928032,-0.005795505975017499,53.30630856430329,-0.7742054293904852,-0.1162534473449432,-0.06683848288771665
149,34.050102,0.0035914528401236197,63.039676366717124,-0.7639312665491707,-0.017505003006675957,0.18082663975754132
150,34.256699,0.006049108637888967,70.527938411987,-0.7465427909161151,0.008348917472531206,0.37136514354054473
151,33.53363,-0.021333320946752648,58.676545745206,-0.8074007302255821,-0.279707350477,0.06980696985193569
152,33.552409999999995,0.0005598780458814129,49.85403692451453,-0.8058200897884573,-0.049396406891781854,-0.1546813854091842
153,33.693267999999996,0.00418936086906587,50.55958600789785,-0.7939646131807572,-0.011215161016512792,-0.13672871950611976
154,33.364596999999996,-0.009802687034609087,42.88590381711613,-0.8216275883197577,-0.1584079836126609,-0.331985230869984
155,33.158004999999996,-0.0062112021467888474,36.78843547219518,-0.8390156431220261,-0.12062646645455954,-0.4871350491164411
156,33.064102,-0.0028360034795575206,30.38803231236288,-0.8469190978061252,-0.08512022590473607,-0.6499930306226831
157,33.345818,0.008484205066507928,36.828818231038795,-0.8232081445907253,0.033965519065789374,-0.48610751156471343
158,32.735432,-0.018474328507338756,36.43306152255654,-0.8745819887789676,-0.2496314695312344,-0.496177523890728
159,32.472496,-0.008064584571904643,35.420724963418365,-0.8967123015572422,-0.14012358312975595,-0.5219363838420654
160,32.265907,-0.006382292169299228,36.3206400160899,-0.9141001038610383,-0.12242629043348739,-0.4990380842591672
161,32.106262,-0.0049600729564674845,30.87353353593589,-0.9275368100689656,-0.10746490224154204,-0.6376394729927317
162,31.993576,-0.0035159563456262557,30.931030658944238,-0.9370211576886627,-0.09227315893341095,-0.636176461185238
163,31.599176,-0.012404088343232261,24.93939808288563,-0.9702162901914444,-0.1857740706899492,-0.7886332928716838
164,32.115658,0.01621265506447629,26.536545889142346,-0.9267459848534578,0.11526686804097255,-0.7479939360376517
165,31.495884000000004,-0.01948682874070387,27.312693623768396,-0.9789099809279485,-0.2602827171723411,-0.7282448905079709
166,31.683695,0.005945324618602484,34.844465646545316,-0.9631026507289633,0.007257135708752485,-0.5365992772296391
167,31.420755,-0.008333533426401175,29.297676161163352,-0.9852333001718674,-0.14295285739324298,-0.6777370957187204
168,32.247131,0.025960416224696123,37.20280281080744,-0.9156804076335336,0.21781086224706842,-0.4765914901119058
169,31.5804,-0.02089240305244724,37.26427143806694,-0.9717965939639397,-0.2750690051938255,-0.4750274235505575
170,31.815161,0.007406262186263348,44.34532582029584,-0.952037662672141,0.02262583124932982,-0.29485030113692146
171,31.599176,-0.006811892874485889,36.724406220971474,-0.9702162901914444,-0.1269455817353069,-0.48876427064378036
172,31.85272,0.007991734382229073,43.88767059542635,-0.9488764659640476,0.02878485140628098,-0.3064953185345416
173,32.162601,0.00968153922033501,51.46833938436022,-0.922794972923747,0.04656117303337551,-0.11360552915672906
174,32.153217,-0.00029181001994231005,50.017257371253535,-0.9235847881453654,-0.0583559510016274,-0.15052824820319
175,32.566402000000004,0.012768635542326006,57.37241077338067,-0.8888085943746704,0.07903664941740762,0.03662331191362278
176,32.369202,-0.006073728250165195,56.936284097116115,-0.9054061606260615,-0.11918027565985737,0.025526087503882078
177,32.425540999999996,0.0017389995419220807,59.260466482713554,-0.9006643234808434,-0.03699234550056589,0.0846648077561043
178,32.453720000000004,0.0008686597639245346,58.062672914151186,-0.8982926053297375,-0.04614810092844123,0.054187002223251346
179,32.632133,0.005482403276667764,65.70840359185712,-0.8832762686785744,0.0023873196940809166,0.24873228854614693
180,32.613358000000005,-0.0005755187134149535,57.59337437834511,-0.8848564882849121,-0.061340495056564186,0.04224572128256532
181,32.397369,-0.006644743250017167,56.824664243558914,-0.903035452468846,-0.1251872097521053,0.022685925159042553
182,32.557014,0.004915613514850672,55.01415938303676,-0.8895987462609183,-0.0035751659573971875,-0.023382292690472317
183,32.632133,0.002304648448581464,61.77318069028463,-0.8832762686785744,-0.03104186135823016,0.14860071206213932
184,32.838726,0.006311011917430734,65.09640352204437,-0.8658881297101484,0.011104074060639763,0.23315997324624704
185,33.158004999999996,0.009675675932190509,75.6247329894309,-0.8390156431220261,0.04649949271769728,0.5010528610649236
186,33.308254,0.004521068529667126,75.83722150820952,-0.8263697621296058,-0.007725679907186388,0.5064596222325193
187,34.134621,0.02450691369501643,77.10662263967475,-0.7568176270866891,0.20252038143489204,0.538759479105533
188,34.406944,0.007946256638269185,78.56992584030978,-0.7338972465883247,0.02830643698511516,0.5759931657399366
189,34.523319,0.00337660428106452,79.27941015097144,-0.7241024100137525,-0.019765155777473592,0.5940459633308519
190,34.343559,-0.005220518585493458,79.1472794422947,-0.7392321184790167,-0.11020472471306844,0.590683903164841
191,34.466553000000005,0.003574885359482904,83.38766889749292,-0.7288801861082068,-0.017679288733511808,0.6985804294036706
192,34.447635999999996,-0.0005490016134455484,83.70759192209431,-0.7304723573089054,-0.06106154183839118,0.7067208569240706
193,34.617931,0.004931410904488054,77.57171895686275,-0.7161392815240135,-0.0034089813941091604,0.5505938347752795
194,34.192188,-0.012374587895617408,77.24785532788783,-0.7519724339001082,-0.18546373340535918,0.5423531387470741
195,33.936737,-0.007499081987051024,76.43789985383182,-0.7734727629897837,-0.13417463825599235,0.5217438567501962
196,34.381401000000004,0.013017634623912139,76.51960690520893,-0.7360471027483615,0.08165605709059642,0.5238228891376577
197,34.059727,-0.009400089625482706,71.11647400623372,-0.7631211672836042,-0.15417276018953038,0.3863404062747924
198,33.879967,-0.005291764177839038,63.28821718131432,-0.7782508757488684,-0.11095421041430922,0.187150750032538
199,33.274456,-0.01803388021993748,55.799165339525864,-0.8292144099194867,-0.2449980643945063,-0.003407850088712694
200,33.123084999999996,-0.004559544222975161,49.47360787014873,-0.8419547253405786,-0.1032514407654624,-0.16436138623931407
201,33.037933,-0.002574085151394612,39.14186684272226,-0.8491216419807324,-0.08236491100892035,-0.4272520897080606
202,32.782494,-0.007761732764152073,28.7633007514997,-0.870620961076519,-0.13693765833030336,-0.6913342548993421
203,32.791954,0.000288527020940325,20.40890918260294,-0.8698247492269342,-0.05225095138379622,-0.9039113869403401
204,32.839249,0.0014412354497481937,25.694530620894227,-0.8658441108097961,-0.04012474881254588,-0.76941897811077
205,32.801411,-0.0011528831121137301,24.602824744289208,-0.8690287898758213,-0.06741422322674005,-0.7971973869113578
206,32.782494,-0.0005768793585748321,16.632576840995355,-0.870620961076519,-0.061354808701215284,-1.0
207,32.858177000000005,0.002305979886686465,17.109655259534932,-0.8642510137813662,-0.0310278549644459,-0.9878607602797351
208,33.009552,0.004596340842417354,24.13535706477802,-0.8515103616956452,-0.006933834120685316,-0.8090920817928273
209,33.179848,0.005145729550819776,30.47129956286227,-0.8371772017445962,-0.0011544031718414768,-0.6478742990360528
210,33.198776,0.0005703040940718313,28.83102931815,-0.8355841047161663,-0.0492867274887212,-0.6896109044510137
211,33.132542,-0.0019970663635321987,29.219913401249855,-0.8411587659894657,-0.07629481857776385,-0.6797157657805292
212,33.832657,0.02091057805673395,39.21829842927538,-0.7822327766583679,0.16468783560270647,-0.42530729129481704
213,33.624522999999996,-0.006170867518366663,45.942631940623215,-0.7997506156754421,-0.12020215631449285,-0.25420691600821055
214,33.293385,-0.009896923343283294,46.300214893249674,-0.8276212287248996,-0.15939932586365158,-0.24510823324846487
215,33.842125,0.016347599670248195,55.3403062816657,-0.7814358914795232,0.11668645133245589,-0.01508349896469996
216,34.144878000000006,0.008906261134417516,64.64287241302566,-0.7559543348096072,0.038405442682197755,0.2216198937980316
217,34.371944,0.006628060807393703,72.01247568365065,-0.7368430620994744,0.01443934859199468,0.4091391301936389
218,34.513859000000004,0.004120303301770495,72.5292174704401,-0.7248986218633373,-0.01194162924488127,0.42228760260309617
219,35.005829,0.014153636961511446,74.61113209926287,-0.683491397377046,0.09360651578672102,0.4752618302652296
220,35.005829,0.0,82.13433808288983,-0.683491397377046,-0.05528618303107424,0.6666894810479764
221,35.223438,0.0061971228156745516,88.29707715454735,-0.6651760840180247,0.009905989372405569,0.823500110112489
222,35.07206,-0.004306911204998612,79.81962032855807,-0.6779169886022189,-0.10059380499599187,0.6077915879288485
223,35.195057,0.0035008445165043154,80.3592601792115,-0.6675648037329376,-0.01845817976793674,0.6215227005827035
224,35.176132,-0.0005378621769838272,81.00150564279917,-0.6691576482628943,-0.060944357770253414,0.6378646086187234
225,35.157211,-0.0005380378537232263,79.51772476317015,-0.6707501561282223,-0.06094620584533968,0.6001098683282273
226,35.450503999999995,0.008307723508099465,79.72804476302582,-0.646064811307892,0.032108977486090665,0.6054614516256431
227,35.516727,0.0018662985236557587,80.42211110811087,-0.6404910758623239,-0.03565319224980592,0.6231219397494772
228,35.791107000000004,0.007695686119029451,85.15564864673243,-0.6173975655780612,0.025670498183291035,0.7435665976363297
229,36.02763,0.006586689351506208,85.36424739201593,-0.5974903335168156,0.014004131287929211,0.7488743836856222
230,36.935885999999996,0.024897454701572973,86.22513759516505,-0.5210459160055416,0.20662877453719836,0.7707796976607244
231,37.257560999999995,0.008671305313542854,87.01957617102,-0.4939717673041417,0.03593376657745449,0.7909941528541724
232,37.219715,-0.0010163100824887173,79.4445148909531,-0.49715711969942555,-0.06597750932614418,0.5982470462968865
233,37.399475,0.004818072877579695,78.62003348626247,-0.4820274112341618,-0.004601268913632155,0.5772681526234344
234,37.494083,0.002526466971267314,78.66855263721061,-0.4740646194090523,-0.028708386324195822,0.5785027203202637
235,37.711689,0.005786965587776163,78.42433902316479,-0.4557495585485043,0.0055912385583579,0.5722887154760923
236,37.513008,-0.00528234662044184,76.69389980428281,-0.4724717748790952,-0.11085514008058839,0.5282577644142936
237,37.181872999999996,-0.008866395256434468,68.59174749242264,-0.5003421354300812,-0.1485584297409298,0.32209884935615984
238,37.077789,-0.0028032464828432447,63.20947988585953,-0.5091024857632944,-0.08477563054318928,0.18514728295604144
239,37.531925,0.01217379304288884,68.99613228115444,-0.47087960367839754,0.07277905602614229,0.33238840281085436
240,37.617077,0.0022662186902564514,67.52327556836187,-0.4637126870382433,-0.031446132744269426,0.2949116274729078
241,37.645458000000005,0.0007541866971462742,66.60794300017383,-0.4613239673233305,-0.04735232878174239,0.27162102987468817
242,38.080666,0.011494389747602455,66.7669151547336,-0.42469418226686395,0.06563190434378836,0.27566606946997196
243,37.929295,-0.0039829306085048454,66.47369561798843,-0.4374344976879554,-0.09718561065642159,0.26820511104282097
244,38.250965,0.008445020054956363,64.47471318701562,-0.4103607698173426,0.03355330260587984,0.21734108956714882
245,38.629406,0.00984501119722131,63.958751191082996,-0.3785088450214875,0.048280857089556234,0.20421245890230777
246,38.742943,0.002934823175471373,72.72979215912613,-0.3689528720017914,-0.024412581826152503,0.42739121687940473
247,38.582104,-0.004160081065589325,65.00474062765839,-0.3824900726017275,-0.0990491888818516,0.23082761486413683
248,39.121384,0.013880680844348299,67.31730937843665,-0.3371009472059363,0.09073508612848091,0.28967082668081656
249,42.007,0.07116704819876223,74.03733621311436,-0.09422973657676037,0.6933732535522323,0.4606616187658681
250,41.978611,-0.0006760444019686157,82.61419169194235,-0.09661912962093222,-0.06239800000105116,0.6788993353707826
251,43.038253999999995,0.024929121455450672,90.38112733929228,-0.007433050030047905,0.2069619008184836,0.8765286769026726
252,44.192496999999996,0.026465675426905384,94.87915986656397,0.08971514805668734,0.22312606189674417,0.9909809199641986
253,44.561478,0.008314740287101682,95.23361439084351,0.12077086100295764,0.032182792235295354,1.0
254,43.842442,-0.016267420187003386,87.18953289232864,0.060252363806532205,-0.22641534940947802,0.7953186942751644
255,44.444874,0.013647291081881818,87.73295398721974,0.11095675037832686,0.08827988456406494,0.8091460205250622
256,44.521011,0.0017116003193229153,87.88554797993469,0.11736490910896658,-0.03728057842680195,0.8130287680681381
257,44.444874,-0.0017116003193230628,83.70503302120713,0.11095675037832686,-0.07329178763534809,0.7066557458017
258,44.064186,-0.008602291054823814,79.0486024318815,0.07891570422665595,-0.14578012000655816,0.5881730709038644
259,43.378956,-0.015672904951146253,74.34944514478786,0.02124252814937133,-0.2201611987487129,0.46860321702977314
260,43.540745,0.0037227276437303775,70.77226321643444,0.034859686598895934,-0.016124025110398267,0.37758197761967494
261,43.645435,0.0024015285522366804,74.92408216678854,0.043671041623531526,-0.03002270704939783,0.4832248311945033
262,43.264751000000004,-0.008760456102313047,70.67090987540914,0.011630332136491006,-0.14744397650106597,0.37500304624205727
263,43.44558,0.004170881602228311,66.67688084921161,0.02685001422408062,-0.011409558253004048,0.27337515046104954
264,42.474834,-0.022597361045893223,54.17163397415934,-0.05485394646695729,-0.2930047342015333,-0.04482031526983321
265,42.465317,-0.0002240871938131822,46.53401850233603,-0.05565495578751767,-0.05764352391441622,-0.23915911053012717
266,42.769859000000004,0.007145953354823907,43.012876495440636,-0.03002282586190308,0.019887447853986176,-0.32875441656313775
267,42.493866,-0.00647388942797197,34.03946182848321,-0.05325209615815174,-0.12338987054262705,-0.5570825645539719
268,42.589039,0.002237183596281717,37.31912131783347,-0.045241750454076524,-0.03175157462568001,-0.47363177073282614
269,42.341590999999994,-0.005827077938100517,28.76295348869796,-0.06606849778558876,-0.11658557645092418,-0.691343090986309
270,42.570007000000004,0.005380102514800037,27.60263953899883,-0.04684360076288163,0.0013111414250591147,-0.7208672292386384
271,41.827675,-0.017591742483828922,27.249250956781864,-0.1093228327635285,-0.24034688668255774,-0.7298591864247722
272,42.674690000000005,0.020047802656643476,36.54449752585771,-0.038032834901348345,0.15561165552670178,-0.4933420396076995
273,42.522419,-0.0035745617175051017,36.35299101829991,-0.05084889986415586,-0.09288967269648052,-0.49821491440750976
274,42.341590999999994,-0.00426160097010954,43.35062529356945,-0.06606849778558876,-0.10011715272809438,-0.320160413006515
275,41.342296999999995,-0.023883725431503022,36.217226720492896,-0.150175233939835,-0.30653696380141443,-0.5016694310917434
276,41.351822,0.0002303670480394722,35.30540715496403,-0.14937355129001473,-0.052862779661709956,-0.5248706404892809
277,40.99968,-0.008552221581031251,27.70247692957983,-0.17901199031079207,-0.145253401743144,-0.7183268711544927
278,41.256645,0.006247928920232917,37.852856271604786,-0.1573842336587199,0.01044045680608957,-0.4600509079246774
279,41.551674,0.007125618582515424,44.128016326220816,-0.13255277638903618,0.01967353116691213,-0.30037973181236777
280,41.237606,-0.007587202271251268,38.19553414622113,-0.15898667313062775,-0.1351016414687245,-0.4513314842300724
281,41.247128000000004,0.00023087908708786147,44.3910792394211,-0.15818524297927983,-0.05285739313978474,-0.2936861073666739
282,41.17099,-0.0018476039857881462,42.7526263247163,-0.1645934858760767,-0.07472251197879197,-0.33537647089821654
283,42.408215000000006,0.029608211342207476,52.120500620343456,-0.06046101171087859,0.2561847488500382,-0.09701131472108271
284,44.026119,0.037440977964939476,55.888353325811906,0.07571175111057249,0.33858348246458003,-0.0011384656361350665
285,44.768452,0.016720623493855204,64.05314291549979,0.1381910672773765,0.12061056807864728,0.20661425224649688
286,45.263344000000004,0.010993826770967658,64.81929111129935,0.1798442252757706,0.06036610780526637,0.22610885994333985
287,44.501976,-0.016963929019841083,62.094943225270775,0.11576280630168823,-0.2337424470419556,0.15678794584469813
288,44.444874,-0.0012839579556693462,54.89715468651339,0.11095675037832686,-0.06879309759360328,-0.026359472131625816
289,43.854813,-0.01336516138279239,56.65177131675826,0.06129358334048751,-0.19588431719480573,0.018286672116332836
290,43.883362,0.0006507771789774895,58.38784664525948,0.063696442969853,-0.04844017088801286,0.06246103374356249
291,43.988056,0.0023828920011107492,63.96905717281328,0.07250813465911854,-0.030218758877019344,0.20447469416157515
292,43.93095,-0.0012990594554899895,63.56669603063077,0.06770174207112722,-0.0689519615711524,0.19423663230578003
293,44.587627000000005,0.014837315946022655,63.97154782184922,0.1229717218544164,0.100798646643666,0.20453806861854362
294,43.074409,-0.03452733694838382,51.13608662258006,-0.004390022607029476,-0.4185050783027289,-0.1220596863062311
295,42.284492,-0.01850866261892886,41.521032506536336,-0.07087430121047777,-0.2499926557443656,-0.3667143223203151
296,42.579521,0.006953010543615976,46.95450343420827,-0.046042843940794054,0.0178577380376074,-0.2284598896297525
297,42.579521,0.0,39.960178529771426,-0.046042843940794054,-0.05528618303107424,-0.40643018423307997
298,41.513607,-0.025352156975206028,31.50463103419392,-0.13575672950511963,-0.32198449408396124,-0.6215812244522391
299,40.447689000000004,-0.026011743403643314,23.925772310527663,-0.22547095173407516,-0.3289231773143336,-0.8144249567976246
300,41.313744,0.02118571949979891,22.691025446072885,-0.15257843023383044,0.1675822543394571,-0.8458430373457779
301,41.151958,-0.0039237211020363314,28.651999784942177,-0.1661953361848827,-0.09656274154951006,-0.6941663031782705
302,41.056785999999995,-0.0023153751751223283,28.557922904146665,-0.17420559772280075,-0.07964334716755456,-0.696560085340137
303,42.246418,0.028563436310997198,33.39944084627902,-0.07407884348966354,0.24519397845813373,-0.5733678707574249
304,42.332081,0.0020256455317639397,37.26545422377596,-0.06686891794304639,-0.03397690182704842,-0.4749973276193614
305,42.655663,0.007614828876746324,38.945957175070674,-0.039634264379367234,0.024819900343651835,-0.43223700272596677
306,43.540745,0.0205371228103304,39.97205810835322,0.034859686598895934,0.16075918039727077,-0.4061279088700034
307,43.835781,0.00675323533206326,39.80799792792618,0.059691733031681515,0.015756153089097932,-0.41030241306336057
308,43.312332,-0.012013003540159634,46.272307174751504,0.015635042074662042,-0.1816599569851498,-0.24581834393830082
309,43.112476,-0.0046249765750128475,59.21916007385695,-0.0011860694909460179,-0.10393977264167062,0.08361376796975506
310,47.661654999999996,0.10031477462436739,63.45893279206495,0.38170084654321146,0.9999999999999998,0.19149460136255025
311,47.566483000000005,-0.0019988216442206456,70.89397230186572,0.3736905850052943,-0.07631328368885835,0.3806788600330677
312,46.433949,-0.024097523377198487,71.88380238947202,0.2783695500308889,-0.3087860643840324,0.4058650437899569
313,45.815338,-0.013411925296239878,71.72997288023143,0.22630343919752605,-0.1963762617952934,0.40195085858233703
314,45.348999,-0.010230822336242477,65.7526528173381,0.18705347749312784,-0.16291185923789517,0.24985820817419047
315,43.921428999999996,-0.03198577044832407,60.19381556645863,0.0669003960859369,-0.391768438353022,0.10841383481323841
316,42.37014,-0.03595846424415333,58.92035320512246,-0.06366563815622239,-0.4335601772853003,0.07601064012185654
317,43.031277,0.01548335452201567,50.654571660374536,-0.008020277310655466,0.10759480987588538,-0.13431181368814138
318,43.309146999999996,0.006436636432366613,51.621300814731306,0.015366972863147144,0.012425612342096576,-0.10971343217838903
319,40.961636,-0.05572793847221282,45.89369068598705,-0.1822140076052543,-0.6415300708207278,-0.25545222411512003
320,42.111446,0.027683658881316787,39.86348297216321,-0.08543891809454562,0.2359389413097095,-0.4088905985131559
321,42.954628,0.019824815605519915,40.41261508288602,-0.014471529113915693,0.15326588786758394,-0.3949179557124918
322,42.600105,-0.008287677765682597,41.31334511990077,-0.04431036775560848,-0.14247046738288532,-0.37199891888823844
323,43.481617,0.02048153301289587,39.587491697810066,0.02988311004051747,0.16017438971843187,-0.41591318454907467
324,43.999023,0.011829178052366612,31.224450460434994,0.07343118490799805,0.06915379305440898,-0.6287104070302995
325,43.654087,-0.00787052006686404,27.05276016007828,0.04439924721788735,-0.1380820733765519,-0.7348588862462656
326,44.382294,0.0165436970595785,33.08591663800104,0.10568963224439187,0.11874934651677574,-0.5813454806733028
327,44.018192,-0.008237603104059521,40.40578922942969,0.07504456598037557,-0.14194369454479977,-0.3950916392583863
328,43.884052000000004,-0.003052029118274465,41.6059858258412,0.06375451761850215,-0.08739276125730097,-0.36455268878587255
329,45.733311,0.0412759643887008,47.97090264484528,0.21939954179943877,0.3789265744992405,-0.20259765568678656
330,47.055584,0.028502602956766234,56.976531312570465,0.33069017932441547,0.24455402688143174,0.026550176159934047
331,47.822113,0.016158606344684287,69.79174353615235,0.39520597983715566,0.11469828911109314,0.3526326967743618
332,47.228058000000004,-0.012499982457670474,60.53370839800851,0.3452066531664153,-0.1867828526403606,0.11706239320750433
333,45.838715,-0.029859125401784217,60.944852298217604,0.2282709914605019,-0.36939666767189805,0.12752393196132417
334,46.931019,0.023549803033096183,62.72403103674023,0.32020602192023384,0.19245181814560341,0.17279505799179895
335,47.668812,0.015598504811564707,63.22556915573509,0.3823032237321633,0.1088061619422998,0.18555667373196738
336,48.588646000000004,0.019112534641520743,69.76910294899878,0.4597221170145258,0.14577287138462813,0.3520566080137213
337,49.17313,0.011957453885545765,70.84998940589125,0.5089158893922021,0.07050322253653313,0.3795597171477956
338,48.617401,-0.011365824008059865,71.45939742586344,0.4621423148723287,-0.17485179118182953,0.39506607785164016
339,50.006741,0.028176304249719557,72.40633870307072,0.5790777240797689,0.24112144660223905,0.41916095768339123
340,49.364758,-0.012921047548035044,65.48121211440252,0.5250444818142186,-0.1912123514223927,0.24295141123112396
341,49.613884000000006,0.0050339451228959215,67.1471765415103,0.5460124599579514,-0.0023303472210386075,0.2853418040055511
342,49.690544,0.0015439395155306265,65.67693820891027,0.5524646375889426,-0.03904432788784005,0.2479316532383269
343,48.751545,-0.01907776418178018,60.22194687004855,0.4734326998988325,-0.2559794609609175,0.10912963461606107
344,49.029404,0.0056833105169357395,52.70694858499284,0.4968190242449029,0.004500813299779541,-0.08208917163162388
345,48.703629,-0.0066666550002383715,44.89594156826937,0.4693997942979107,-0.12541771584994632,-0.28083990725059804
346,49.393513,0.014065555015674656,51.01398354205058,0.5274646796720215,0.09267991588392388,-0.12516659390785256
347,49.403095,0.00019397427146587874,57.557766943577406,0.5282711597928169,-0.053245622512367384,0.04133969164535811
348,48.703629,-0.014259529287140475,57.630783159799975,0.4693997942979107,-0.20529284246477858,0.04319758610829716
349,47.295128000000005,-0.02934625668741489,50.128339176201806,0.35085167734735245,-0.364001417869369,-0.1477017764819275
350,50.284607,0.061291718335338544,50.23437299962907,0.6024646375889424,0.5894872686933905,-0.14500375043208003
351,49.048565,-0.024888076691933762,42.494846416219694,0.4984317319880218,-0.3171024862980871,-0.34193566951778
352,47.525082,-0.03155331594136068,35.488994141458164,0.37020602192023366,-0.3872191257747219,-0.5201992775603195
353,49.901344,0.04879032248181382,37.14419381461336,0.5702068635818089,0.45797573051542406,-0.47808279348450855
354,46.873528,-0.06259485513166427,34.76181836519778,0.31536722536161976,-0.713768305895073,-0.5387022337280217
355,47.668812,0.016824266441186182,26.07380631149026,0.3823032237321633,0.1217008658009574,-0.7597683245718647
356,47.898765999999995,0.004812394508827678,31.656948409472577,0.4016575683050445,-0.004661003923839745,-0.6177055154278625
357,48.272461,0.007771490339974107,36.61303069867896,0.43311004051758806,0.02646793951013321,-0.4915982159901603
358,46.748965999999996,-0.03206909457778372,37.772731793020576,0.30488332045591093,-0.39264498722492175,-0.46208967181588934
359,47.477173,0.015456889266492392,44.050336167501534,0.366173705482415,0.10731640204823806,-0.3023563000903633
360,49.125225,0.034123623222077494,44.449791441677746,0.5048839096190139,0.30368574544165816,-0.2921921779202743
361,48.96233,-0.0033214233906184347,43.78099265562637,0.49117366339933666,-0.09022672120444564,-0.309209734097627
362,50.514565000000005,0.031210483598055092,50.08635897416238,0.6218193188264549,0.2730402497409239,-0.14876996090666372
363,49.690544,-0.016447057107906907,51.72688909067647,0.5524646375889426,-0.22830508460852103,-0.10702674306494808
364,50.207951,0.010358747178918598,49.53151970766044,0.5960127966225808,0.053685230326111985,-0.16288782203922358
365,51.300262,0.021522458766100896,56.58508127972515,0.687948416245415,0.1711246666744611,0.01658974700918492
366,51.367336,0.001306624696582101,63.96574322599394,0.6935937770909821,-0.04154082005863606,0.20439037092812562
367,50.035484000000004,-0.02627005034836575,55.737534575190736,0.5814969119436832,-0.33164050136522516,-0.004976042220935728
368,49.374348,-0.013301415653566845,61.53903253327503,0.525851635264273,-0.1952137281661123,0.1426428223368006
369,48.96233,-0.008379791129817316,64.43073401705325,0.49117366339933666,-0.14343947679159774,0.21622204149009305
370,49.297688,0.006825956456252882,65.80658094753437,0.519399457633281,0.01652116101399391,0.2512304071139835
371,49.230618,-0.001361436384780055,58.768022045265425,0.5137544334523443,-0.06960815116900773,0.0721345803494795
372,50.830765,0.03198603450032008,67.502263942047,0.6484326578157531,0.28119885005141815,0.2943769875503355
373,50.524147,-0.006050401096933968,70.80821611510054,0.6226257989472495,-0.11893487987856254,0.3784967975708313
374,49.460583,-0.021275331089177174,62.93622667867985,0.5331097038529582,-0.2790973117694967,0.17819436692089674
375,51.099045000000004,0.03258975886294753,63.85038640999839,0.6710127545395017,0.2875498784081646,0.20145512173571167
376,50.121716,-0.01931144091864264,57.439893078406065,0.5887547280338956,-0.2584376814237569,0.03834039624555907
377,50.092968,-0.000573728312880132,56.44110392976297,0.5863351193391941,-0.06132166049352436,0.012926249568177894
378,50.863926,0.01527331034927353,57.11373558014806,0.6512236917633314,0.10538519804003194,0.03004133281268384
379,51.393963,0.010366764893930623,57.01881229167751,0.6958348693657066,0.0537695746702363,0.027626013844143538
380,51.683071000000005,0.005609566882160423,56.89145693475333,0.7201679788170616,0.0037250488208552326,0.024385462296883986
381,52.367294,0.013151955069058209,62.26119723201447,0.7777563995737826,0.08306907436937719,0.1610182718537727
382,52.984062,0.011708915194052582,67.86560899041217,0.8296673921789437,0.0678886580512567,0.3036222865868716
383,52.685314,-0.005654406362191143,72.52298410313185,0.8045229209696614,-0.11476911492826528,0.42212899484160715
384,52.906963,0.00419821092685427,71.20596453482443,0.8231782656048261,-0.011122060635855038,0.3886174889032237
385,51.962543,-0.018011823812975357,71.70437706557651,0.7436900631751171,-0.24476603654415627,0.40129957418577455
386,52.656403000000005,0.013264713522237114,69.97667548951716,0.8020895931912952,0.0842552649191265,0.35733828232716136
387,52.820229000000005,0.0031063967180768232,64.96403692545849,0.8158781981035683,-0.022607671337511043,0.229791910922593
388,51.557784999999996,-0.024191024849029463,67.43755407324431,0.7096231376133502,-0.3097696763363672,0.2927304477381443
389,52.348022,0.015210934967986613,67.295033274764,0.7761343493871862,0.10472902472678014,0.2891040121865798
390,52.473301,0.0023903354024749097,75.17932011173835,0.7866786014277944,-0.030140456167934204,0.4897193496615895
391,53.205711,0.013861252350094937,84.18278568333824,0.8483227368141093,0.09053070325846554,0.7188121416209823
392,52.762417000000006,-0.008366602189666549,76.83943907857459,0.8110123842084094,-0.14330073246044567,0.5319610049522949
393,53.427361,0.012523855001940648,76.75242970642768,0.8669781656154307,0.0764616197359792,0.5297470552422359
394,53.311714,-0.00216691113824508,77.08451111219989,0.8572446020034916,-0.07808154286325102,0.5381968522455289
395,53.658649,0.006486585755775404,77.53690898425633,0.8864447878423669,0.012951066653711443,0.5497080965282659
396,53.196075,-0.008658052209539824,68.02031122365202,0.8475117117208106,-0.1463667133208731,0.3075586782188966
397,55.007828,0.03349088694726784,69.72574622443545,1.0000000000000004,0.29702951907012437,0.3509533980329158
398,54.766899,-0.004389523771713203,69.87174296884469,0.9797219318489794,-0.10146286840689112,0.3546682788782647
399,54.477791,-0.005292864576435127,69.65615994356172,0.9553888223976243,-0.11096578633060497,0.3491827781265411
400,54.959644,0.008806056425493697,70.36442866002922,0.9959445378688794,0.03735131436263643,0.3672046449757751
401,53.851383,-0.02037108473111578,62.97989854143913,0.9026664680345351,-0.2695848676525504,0.17930559557946446
402,53.051520999999994,-0.014964550009844679,61.56601039670798,0.8353451569951331,-0.21270948303648163,0.14332927290472952
403,52.54076,-0.009674286391848952,54.18814533671979,0.7923563662439839,-0.1570572411651554,-0.04440018436380089
404,52.829871999999995,0.005487538985324336,54.75584574790432,0.8166898123599684,0.0024413460566546086,-0.029955071961194513
405,53.032245999999994,0.003823355329542439,55.046807794315896,0.8337228543100639,-0.015065447180422381,-0.022551555277917634
406,53.523734999999995,0.009225056743453848,61.07608074895931,0.8750895948746176,0.04175909225861117,0.130863034213212
407,53.109337,-0.007772449548861555,52.77133582396854,0.8402113075549225,-0.1370503962083755,-0.08045084112142242
408,51.287956,-0.03489680204752323,44.48747236156212,0.6869126675116948,-0.4223917581631382,-0.29123338854397685
409,51.008484,-0.005463976953718562,37.55662857630281,0.6633905831536384,-0.11276584547611938,-0.4675884088161665
410,51.519241,0.009963377714335893,43.95277947789586,0.7063790372401582,0.049526043060538705,-0.3048386258368603
411,50.295345000000005,-0.024042821453166597,34.66657234378515,0.6033684137877633,-0.3082106139099399,-0.5411257646223112
412,50.594093,0.0059223022568869925,28.068272603664923,0.6285128849970456,0.007014946257496921,-0.7090192160525328
413,48.869068,-0.03469019025293931,26.778125227309687,0.48332415922216976,-0.4202182540816895,-0.7418469602292438
414,47.866828999999996,-0.020721880790337214,20.71166665628263,0.3989695537341995,-0.27327515391142226,-0.8962077361205227
415,46.989864000000004,-0.018490840427445185,20.63416511933002,0.3251587794560513,-0.24980517077523237,-0.8981797593753928
416,47.462078000000005,0.009999115410754626,20.871422250587614,0.3649032173355353,0.04990199463282971,-0.8921427619348151
417,47.90538,0.0092967811490416,26.883779747376792,0.4022142432704947,0.04251361495465765,-0.7391585855369861
418,48.377590000000005,0.00980887453089128,21.618701499231705,0.44195834448534965,0.04790070845420634,-0.8731282737820304
419,47.674095,-0.014648521357432028,20.15684700569885,0.3827478735420322,-0.20938494114739492,-0.9103250981268937
420,48.907623,0.025545105290885942,20.226725677431787,0.48656918542309535,0.21344189574385153,-0.908547038347756
421,49.505115999999994,0.012142743867527296,25.86308594802904,0.5368578753431872,0.07245242651542227,-0.7651300951039034
422,49.977329,0.009493464832825106,32.39504973297737,0.576602229056514,0.04458267780907359,-0.5989245591831895
423,50.266434000000004,0.005768055645604556,38.0625326246805,0.6009350860093963,0.00539231072573966,-0.45471570219173174
424,49.34129,-0.018576282372861047,32.745353132743205,0.5230692704309141,-0.25070399853800496,-0.590011104331053
425,50.449535,0.022212273835601832,40.59944582690305,0.6163459936067386,0.17838134760124186,-0.3901640555136925
426,50.324265000000004,-0.0024861633584238054,43.13386502596145,0.6058024990615478,-0.08143999587396801,-0.3256758686382688
427,50.121883000000004,-0.0040296671975947945,47.035620461374386,0.5887687837821916,-0.09767726781154462,-0.22639587038281395
428,49.871323,-0.005011550973061492,50.30411703700317,0.5676801113686589,-0.10800643802074225,-0.14322911641837854
429,49.842415,-0.0005798198200107797,58.68028110847776,0.5652470360887656,-0.06138574161550145,0.06990201600878554
430,50.092968,0.005014310596627047,61.24856801653084,0.5863351193391941,-0.00253689749600549,0.13525196527438643
431,50.025513000000004,-0.001347503668316151,59.666645588748636,0.5806576911876351,-0.06946158249822615,0.09500001753695453
432,50.410995,0.007676170757157674,67.75888924046362,0.6131022298981761,0.025465201487791744,0.30090680716636475
433,50.285713,-0.002488305072336108,68.05506297380305,0.602557725359095,-0.08146252616532461,0.30844293499805153
434,50.526638,0.004779681383839516,59.18973617655178,0.6228354568454857,-0.0050051377658689375,0.08286507817576849
435,50.266434000000004,-0.00516314411062227,60.62435918155812,0.6009350860093963,-0.10960115967674205,0.1193689984731694
436,45.949073999999996,-0.08980384198868363,44.863549794923884,0.23755948443178543,-1.0,-0.28166411452203377
437,45.958709999999996,0.0002096884423915126,37.05158006137492,0.23837050952508365,-0.05308031338898346,-0.48043934642898345
438,46.353828,0.00856049289681766,45.720264431480395,0.27162607332892286,0.03476804784144316,-0.25986504765823604
439,47.038052,0.014653013569918563,46.67954044637562,0.32921457825180145,0.09885983203005871,-0.23545631095964326
440,47.683723,0.013633211594199593,52.453391286045004,0.3835582253060701,0.08813177189700425,-0.0885409261338983
441,47.828281,0.0030270144971485374,57.74125643782041,0.3957251166963771,-0.023442752323712963,0.04600857388820723
442,47.799198,-0.00060825614563506,56.19429533238331,0.39327731233892704,-0.06168488460455608,0.006646215485341944
443,48.187019,0.008080808317989165,57.68113949621399,0.42591871569176964,0.02972188679341914,0.04447890090982454
444,48.439102,0.0052177106830697045,62.51299736475634,0.4471355731631159,-0.000397179775918792,0.16742531533795524
445,48.613628000000006,0.003596523006083868,63.07469363507193,0.4618247559602273,-0.017451666136772598,0.18171765263590434
446,47.362888,-0.02606493467482726,57.214168989249394,0.3565547761769374,-0.3294827361006487,0.032596856562294274
447,46.975075,-0.008221826554104437,52.882343938680826,0.32391404615335384,-0.14177772920972487,-0.07762624444502664
448,46.655121,-0.006834445704045852,52.67118405436472,0.2969847474089451,-0.12718283182645254,-0.08299919856620308
449,46.015209000000006,-0.01381072391046115,45.84916016772576,0.24312581325549676,-0.20057152285205723,-0.25658530122578904
450,45.734035,-0.006129203206103518,51.21854540960294,0.21946047809744051,-0.11976385823505811,-0.11996152603778465
451,45.666164,-0.0014851392714124645,52.53253295559844,0.21374803682437715,-0.07090947440432438,-0.08652716977595598
452,45.084435,-0.012820564811037823,44.060719738451034,0.16478614221050636,-0.19015529831746997,-0.30209209057676967
453,46.170338,0.023800492274037636,42.535188760738265,0.25618242509632827,0.19508900586985117,-0.3409091603068046
454,45.617687,-0.012042043139018145,35.08800000137424,0.20966791400912,-0.181965446256804,-0.5304025561068556
455,45.549820000000004,-0.0014888421274138043,27.73052904908002,0.20395580940068658,-0.07094842751756816,-0.7176130861874075
456,46.209122,0.014370552488532817,33.838541389042675,0.2594467253473116,0.09588841254029207,-0.5621949764432708
457,46.878116999999996,0.014373753594548549,31.378618061957056,0.31575346385821,0.09592208736996166,-0.6247876190792043
458,47.091419,0.004539819508002671,29.37762585447109,0.33370627357704485,-0.007528424334117399,-0.6757027792313067
459,47.265938,0.0036991116442875406,26.780996608515466,0.34839486721105306,-0.0163724594811459,-0.7417738980586851
460,46.771469,-0.010516528964684128,27.939168155006584,0.3067773114972656,-0.16591742106588964,-0.7123042731632984
461,46.955681,0.003930819131776487,28.009135828800652,0.3222817276955472,-0.013934955026118849,-0.7105239487305656
462,46.499992,-0.009752058848911194,28.7465879220524,0.28392813556811314,-0.15787538784061256,-0.6917595121215944
463,46.267292,-0.00501686538688487,29.33368304216215,0.2643426707268417,-0.10806234431669637,-0.6768209021894438
464,45.821301,-0.009686204826609543,29.864479545869784,0.22680532199446857,-0.15718262009934836,-0.6633148081160416
465,45.035961,-0.017287766370169117,29.920057994990444,0.16070627189372155,-0.23714913446791283,-0.6619006168826138
466,44.890518,-0.0032347119210244988,30.23144871935142,0.1484648934540611,-0.08931453836681832,-0.6539772933727048
467,43.562228999999995,-0.030036124491119996,22.23018522964469,0.03666791232579669,-0.3712586535467062,-0.8575690967158196
468,43.562228999999995,0.0,21.84575678995769,0.03666791232579669,-0.05528618303107424,-0.867350861732425
469,44.182747,0.014143905960418536,29.353384231861654,0.08889452802143882,0.09350414810420504,-0.6763196062698572
470,44.153659999999995,-0.0006585506936280558,30.32647014041534,0.08644638699935836,-0.06221397059191481,-0.6515594774245717
471,44.037312,-0.002638548251868833,24.161896324758388,0.07665382291103784,-0.08304304660261051,-0.8084167914707744
472,44.696609,0.014860362874971519,25.78476618310215,0.1321443180268762,0.10104109453603385,-0.7671229381341806
473,44.745090000000005,0.0010840805863500467,26.213264006039594,0.13622477750676332,-0.04388192809104931,-0.7562198295673073
474,45.763123,0.022496874089698207,33.209019577015,0.22190870328567858,0.18137527064956305,-0.5782131317157998
475,45.239567,-0.011506512094253223,29.64671432223787,0.17784300654981022,-0.17633179444189637,-0.6688558348103473
476,45.481949,0.005343441939722584,29.493806316189378,0.19824336812762278,0.0009254814015373855,-0.6727465724091103
477,44.512398,-0.021547764855771392,29.34296958248106,0.11663998599475134,-0.2819632464312106,-0.6765846065727855
478,44.308784,-0.004584815290405431,29.00794116037207,0.09950257800940321,-0.1035172860349102,-0.6851093902792733
479,44.483311,0.003931143301889568,34.5606484566469,0.11419184497267132,-0.013931544838112472,-0.5438209933480407
480,45.850388,0.03026957592238495,45.20055449962566,0.22925346301654903,0.2631421377892135,-0.273089044390471
481,45.035961,-0.01792235707736398,46.20593411906393,0.16070627189372155,-0.24382486900143774,-0.24750720346882482
482,46.635731,0.03490570301162364,56.29354005543051,0.29535276561576795,0.31191302800323834,0.009171493169730205
483,47.275635,0.013628039522603082,58.90342668639963,0.34921102643995683,0.0880773630054538,0.07557994558523284
484,46.664814,-0.01300461334771956,51.90243254192506,0.29780056997321847,-0.19209144260423733,-0.10256004754232828
485,45.598301,-0.023119976098843524,50.34744074483312,0.20803626888057325,-0.2985025130330927,-0.14212674654692536
486,45.598301,0.0,45.442476884504025,0.20803626888057325,-0.05528618303107424,-0.266933339773342
487,45.132912,-0.010258720590601076,40.783942230727504,0.16886626502576307,-0.16320534185265012,-0.3854695525001044
488,43.436184000000004,-0.03831891000049611,33.805071931884186,0.02605918900857329,-0.4583914725933973,-0.5630466053327053
489,42.883540999999994,-0.012804733819078831,34.70200148463,-0.020454648749375526,-0.18998876026621522,-0.5402242716662574
490,43.513752000000004,0.014588933420497429,40.76396900545252,0.03258778951054042,0.0981857249850705,-0.3859777703531402
491,43.174403999999996,-0.007829206412031572,40.985771471785654,0.0040261723083236944,-0.13764746412503864,-0.38033401619296203
492,44.541481,0.031173092634171624,46.11812514114693,0.1190877903522014,0.27264690621097837,-0.24974149911311105
493,44.493004,-0.0010889489570333523,47.05357357048514,0.11500766753694469,-0.06674165200547451,-0.22593905429818206
494,43.601017,-0.020251487558691012,38.237048829943504,0.03993254924141043,-0.26832673549742136,-0.4502751448987742
495,42.660542,-0.021806057698353642,37.94663683687419,-0.0392236176971128,-0.2846804221311364,-0.45766466549855345
496,43.639790000000005,0.022694930781631487,36.388097826064175,0.043195923664662406,0.18345877720417242,-0.49732162320274664
497,43.145317,-0.011395465603834606,26.60648590818687,0.0015780312862441193,-0.17516361330953908,-0.7462143152788249
498,41.128639,-0.04786919175742495,26.611262317297303,-0.16815800681072535,-0.5588580331761156,-0.7460927797556479
499,42.961104999999996,0.04359047997826348,36.42710860437488,-0.013926384912038348,0.4032746960119635,-0.49632899563632393
500,44.299091,0.03066898618190529,46.8935071622723,0.09868675544512939,0.267343833200592,-0.23001193713032864
501,44.017921,-0.006367311202681404,45.77121860763373,0.07502175695170399,-0.12226869443489759,-0.2585685208504056
502,46.306076000000004,0.05067633713312454,54.73983207834423,0.26760697097782593,0.4778161299977044,-0.030362539090363905
503,45.452869,-0.018597240639989063,62.795981591130726,0.19579581626864506,-0.2509244742336668,0.174625836735524
